{"metrics": [{"metric": "DatasetDriftMetric", "result": {"drift_share": 0.5, "number_of_columns": 4, "number_of_drifted_columns": 0, "share_of_drifted_columns": 0.0, "dataset_drift": false}}, {"metric": "DataDriftTable", "result": {"number_of_columns": 4, "number_of_drifted_columns": 0, "share_of_drifted_columns": 0.0, "dataset_drift": false, "drift_by_columns": {"Age": {"column_name": "Age", "column_type": "num", "stattest_name": "K-S p_value", "stattest_threshold": 0.05, "drift_score": 0.35492725687857457, "drift_detected": false, "current": {"small_distribution": {"x": [3.0, 9.2, 15.4, 21.6, 27.8, 34.0, 40.2, 46.4, 52.6, 58.800000000000004, 65.0], "y": [0.01414827391058291, 0.005659309564233162, 0.016977928692699488, 0.02829654782116582, 0.031126202603282402, 0.016977928692699484, 0.0169779286926995, 0.016977928692699484, 0.008488964346349742, 0.0056593095642331675]}}, "reference": {"small_distribution": {"x": [0.75, 8.675, 16.6, 24.525, 32.45, 40.375, 48.3, 56.225, 64.15, 72.075, 80.0], "y": [0.010165352721165479, 0.007955493433955591, 0.03292690337942733, 0.029833100377333457, 0.018562818012563057, 0.012817183865817348, 0.008397465291397566, 0.0037567607882568054, 0.0013259155723259327, 0.00044197185744197754]}}}, "Fare": {"column_name": "Fare", "column_type": "num", "stattest_name": "K-S p_value", "stattest_threshold": 0.05, "drift_score": 0.9948417185952495, "drift_detected": false, "current": {"small_distribution": {"x": [6.75, 57.30792, 107.86584, 158.42376000000002, 208.98168, 259.5396, 310.09752000000003, 360.65544, 411.21336, 461.77128000000005, 512.3292], "y": [0.017350258524404093, 0.0017350258524404096, 0.0, 0.0, 0.0, 0.00034700517048808177, 0.0, 0.0, 0.0, 0.0003470051704880822]}}, "reference": {"small_distribution": {"x": [0.0, 51.23292, 102.46584, 153.69876, 204.93168, 256.1646, 307.39752, 358.63044, 409.86336, 461.09628, 512.3292], "y": [0.016100363818588058, 0.0021877352110183344, 0.0007178506161153911, 0.0, 0.0002392835387051303, 0.00020510017603296896, 0.0, 0.0, 0.0, 6.836672534432292e-05]}}}, "Pclass": {"column_name": "Pclass", "column_type": "num", "stattest_name": "chi-square p_value", "stattest_threshold": 0.05, "drift_score": 0.4168765729438617, "drift_detected": false, "current": {"small_distribution": {"x": [1.0, 1.2, 1.4, 1.6, 1.8, 2.0, 2.2, 2.4000000000000004, 2.6, 2.8, 3.0], "y": [1.5789473684210529, 0.0, 0.0, 0.0, 0.0, 0.8771929824561396, 0.0, 0.0, 0.0, 2.5438596491228047]}}, "reference": {"small_distribution": {"x": [1.0, 1.2, 1.4, 1.6, 1.8, 2.0, 2.2, 2.4000000000000004, 2.6, 2.8, 3.0], "y": [1.2959719789842383, 0.0, 0.0, 0.0, 0.0, 1.2084063047285454, 0.0, 0.0, 0.0, 2.495621716287213]}}}, "Sex": {"column_name": "Sex", "column_type": "num", "stattest_name": "Z-test p_value", "stattest_threshold": 0.05, "drift_score": 0.8820327452760657, "drift_detected": false, "current": {"small_distribution": {"x": [0.0, 0.1, 0.2, 0.30000000000000004, 0.4, 0.5, 0.6000000000000001, 0.7000000000000001, 0.8, 0.9, 1.0], "y": [6.491228070175438, 0.0, 0.0, 0.0, 0.0, 0.0, 0.0, 0.0, 0.0, 3.5087719298245625]}}, "reference": {"small_distribution": {"x": [0.0, 0.1, 0.2, 0.30000000000000004, 0.4, 0.5, 0.6000000000000001, 0.7000000000000001, 0.8, 0.9, 1.0], "y": [6.392294220665499, 0.0, 0.0, 0.0, 0.0, 0.0, 0.0, 0.0, 0.0, 3.6077057793345015]}}}}, "current_fi": null, "reference_fi": null}}]}